{"allocate_time":[0,0,0,0.2,0.2,0.5,0,0,0],"bishop_mobility":[0.07142857142857142,0,0,0,0,0,0,0,0],"calc_attackers":[0.08683473389355743,0.07142857142857142,0.07142857142857142,0.08333333333333333,0.08333333333333333,0.8181818181818182,0,0,0],"CheckBadFlow":[0.5715873015873016,0.5878571428571429,0.5878571428571429,0.7165079365079364,0.7165079365079364,1.0,0,0,0],"check_piece_square":[0,0,0,0,0,0,0,0,0],"check_legal":[0,0,0,0.2,0.2,0.5,0,0,0],"comp_to_coord":[0,0,0,0.746031746031746,0.746031746031746,0.746031746031746,0,0,0],"comp_to_san":[0,0,0,0.28674500103071526,0.28674500103071526,0.6984126984126984,0,0,0],"develop_node":[0,0,0,0.6,0.6,0.6,0,0,0],"display_board":[0,0,0,0.5357142857142857,0.5357142857142857,0.8251869658119658,0,0,0],"eval":[0,0,0,0.6,0.55,0.55,0,0,0],"extended_in_check":[0.11904761904761904,0.3333333333333333,0.3333333333333333,0.10526315789473684,0.10526315789473684,0.48888888888888893,0,0,0],"f_in_check":[0.27692307692307694,0.11263736263736264,0.11263736263736264,0.16871345029239765,0.16871345029239765,0.7,0,0,0],"gen":[0,0,0,0.6,0.6,0.6,0,0,0],"HandlePartner":[0,0,0,0.9764705882352942,0.9764705882352942,0.9764705882352942,0,0,0],"HandlePtell":[0.23484848484848486,0.2897727272727273,0.2897727272727273,0.5119047619047619,0.5119047619047619,0.8865079365079365,0,0,0],"hash_extract_pv":[0,0,0,0.8666666666666667,0.8666666666666667,0.8666666666666667,0,0,0],"init_game":[0.25,0.25,0.25,0.986111111111111,0.6666666666666666,0.6666666666666666,0,0,0],"is_attacked":[0.2022408963585434,0,0,0,0,0,0,0,0],"King":[0,0,0,0.5789473684210527,0.5789473684210527,0.8666666666666667,0,0,0],"losers_eval":[0,0,0,0,0,0.4133333333333334,0,0,0],"l_king_mobility":[0.16666666666666666,0,0,0,0,0,0,0,0],"l_rook_mobility":[0,0,0,0,0,0,0,0,0],"post_thinking":[0,0,0,0.9166666666666667,0.75,0.75,0,0,0],"main":[0.14285714285714285,0.14285714285714285,0.14285714285714285,0.9876543209876544,0.9876543209876544,0.9925925925925926,0,0,0],"nk_attacked":[0.2022408963585434,0,0,0,0,0,0,0,0],"ProcessHoldings":[0,0,0,0.9555555555555555,0.9555555555555555,0.9555555555555555,0,0,0],"proofnumbercheck":[0,0,0,0.8452380952380952,0.6190476190476191,0.6190476190476191,0,0,0],"proofnumberscan":[0,0,0,0,0,0.5029761904761905,0,0,0],"qsearch":[0,0,0,0.405972850678733,0.405972850678733,0.5260073260073259,0,0,0],"Queen":[0,0,0,0,0,0.5,0,0,0],"ResetHandValue":[0,0,0,0.9333333333333332,0.9333333333333332,0.9333333333333332,0,0,0],"reset_board":[0.25,0.25,0.25,0.6666666666666666,0.6666666666666666,0.9914529914529914,0,0,0],"reset_piece_square":[0,0,0,0.9870967741935485,0.9870967741935485,0.9870967741935485,0,0,0],"Rook":[0.3333333333333333,0,0,0.5,0.5,0.75,0,0,0],"rook_mobility":[0.07142857142857142,0,0,0,0,0,0,0,0],"search":[0.21428571428571427,0.13333333333333333,0.13333333333333333,0.3808117808117808,0.3808117808117808,0.986013986013986,0,0,0],"setup_attackers":[0.14285714285714285,0.14285714285714285,0.14285714285714285,0.2,0.2,0.2,0,0,0],"setup_epd_line":[0.14285714285714285,0.14285714285714285,0.14285714285714285,1.0,1.0,1.0,0,0,0],"search_root":[0,0,0,0.34395701454524985,0.34395701454524985,0.5248168498168497,0,0,0],"see":[0,0,0,0.43137254901960786,0.43137254901960786,0.8174603174603174,0,0,0],"std_eval":[0,0,0,0,0,0.5,0,0,0],"stringize_pv":[0,0,0,0.9764705882352942,0.9764705882352942,0.9764705882352942,0,0,0],"suicide_mid_eval":[0,0,0,0,0,0.4133333333333334,0,0,0],"SwitchColor":[0,0,0,0.3333333333333333,0.3333333333333333,0.3333333333333333,0,0,0],"SwitchPromoted":[0,0,0,0.3333333333333333,0.3333333333333333,0.3333333333333333,0,0,0],"s_king_mobility":[0,0,0,0,0,0,0,0,0],"s_knight_mobility":[0,0,0,0,0,0,0,0,0],"s_rook_mobility":[0,0,0,0,0,0,0,0,0],"think":[0.4285714285714286,0.7142857142857143,0.7142857142857143,0.48095238095238096,0.48095238095238096,0.7637085137085138,0,0,0],"tree_debug":[0,0,0,0,0,0,0,0,0]}